file;name;country;capacity;license;author;source
camp-nou.jpg;Camp Nou;Spain;105000;CC BY 2.0;Oh-Barcelona.com from Barcelona, Spain;https://commons.wikimedia.org/wiki/File:Camp_Nou_aerial_(cropped).jpg
maracana-stadium.jpg;Maracanã Stadium;Brazil;78838;CC BY-SA 3.0 de;Arne Müseler;https://commons.wikimedia.org/wiki/File:Maracana_2022.jpg
old-trafford.jpg;Old Trafford;United Kingdom;75731;Public domain;Øyvind Vik;https://commons.wikimedia.org/wiki/File:Old_Traford.jpg
bernabeu.jpg;Bernabéu;Spain;83186;CC BY 4.0;Zoser;https://commons.wikimedia.org/wiki/File:Estadio_Santiago_Bernab%C3%A9u_Madrid.jpg
allianz-arena.jpg;Allianz Arena;Germany;75024;CC BY-SA 2.5;Maximilian Dörrbecker (Chumwa);https://commons.wikimedia.org/wiki/File:M%C3%BCnchen_-_Allianz-Arena_(Luftbild).jpg
wembley-stadium.jpg;Wembley Stadium;United Kingdom;90000;CC BY-SA 3.0 de;Arne Müseler;https://commons.wikimedia.org/wiki/File:London_Wembley.jpg
anfield.jpg;Anfield;United Kingdom;61276;CC BY-SA 3.0 de;Arne Müseler;https://commons.wikimedia.org/wiki/File:Liverpool_anfield_road_stadium.jpg
emirates-stadium.jpg;Emirates Stadium;United Kingdom;60338;CC BY-SA 3.0 de;Arne Müseler;https://commons.wikimedia.org/wiki/File:London_Emirates_Stadium_arsenal.jpg
stamford-bridge.jpg;Stamford Bridge;United Kingdom;41875;CC BY-SA 3.0 de;Arne Müseler;https://commons.wikimedia.org/wiki/File:London_Stamford_Bridge.jpg
stadio-olimpico.jpg;Stadio Olimpico;Italy;70634;CC BY-SA 4.0;Messapi, cropped by Blackcat;https://commons.wikimedia.org/wiki/File:Stadio_Olimpico_2024.jpg
stade-de-france.jpg;Stade de France;France;81338;CC BY-SA 4.0;Darthvadrouw;https://commons.wikimedia.org/wiki/File:StadeFranceNationsLeague2018.jpg
rams-park.jpg;Rams Park;Turkey;52652;CC BY-SA 4.0;1886kusagi;https://commons.wikimedia.org/wiki/File:Galatasaray_Arena_North-West_Corner.jpg
london-stadium.jpg;London Stadium;United Kingdom;62500;CC BY-SA 3.0 de;Arne Müseler;https://commons.wikimedia.org/wiki/File:London_Olympic_Stadium_West_Ham.jpg
luzhniki-stadium.jpg;Luzhniki Stadium;Russia;78360;CC BY 4.0;Government of Moscow Press centre;https://commons.wikimedia.org/wiki/File:LuzhnikiStadium.jpg
beijing-national-stadium.jpg;Beijing National Stadium;People's Republic of China;80000;CC BY-SA 4.0;N509FZ;https://commons.wikimedia.org/wiki/File:Beijing_National_Stadium_from_the_Central_Axis_(20220905140702).jpg
gazprom-arena.jpg;Gazprom Arena;Russia;80000;CC BY-SA 4.0;Vyacheslav Bukharov;https://commons.wikimedia.org/wiki/File:Gazprom_Arena_(2026-05-17)_-_0.jpg
villa-park.jpg;Villa Park;United Kingdom;42640;CC BY-SA 3.0 de;Arne Müseler;https://commons.wikimedia.org/wiki/File:Birmingham_aston_villa_park_stadium.jpg
westfalenstadion.jpg;Westfalenstadion;Germany;81359;CC BY-SA 3.0 de;Arne Müseler / www.arne-mueseler.com;https://commons.wikimedia.org/wiki/File:Signal_iduna_park_stadium_dortmund_6.jpg
lukoil-arena.jpg;Lukoil Arena;Russia;45360;CC BY-SA 4.0;Voltmetro;https://commons.wikimedia.org/wiki/File:2017_Confederation_Cup_-_CHIAUS_-_Spartak_Stadium_Panorama.jpg
fnb-stadium.jpg;FNB Stadium;South Africa;94736;CC BY 2.0;Dundas Football Club;https://commons.wikimedia.org/wiki/File:FIFA_World_Cup_2010_Argentina_South_Korea.jpg
st-james-park.jpg;St James’ Park;United Kingdom;52305;CC BY-SA 3.0 de;Arne Müseler;https://commons.wikimedia.org/wiki/File:Newcastle_st-james-park_stadium.jpg
goodison-park.jpg;Goodison Park;United Kingdom;40157;CC BY-SA 3.0 de;Arne Müseler;https://commons.wikimedia.org/wiki/File:Liverpool_fc_everton_stadium.jpg
estadio-azteca.jpg;Estadio Azteca;Mexico;115000;CC BY 4.0;ProtoplasmaKid;https://commons.wikimedia.org/wiki/File:Vista_a%C3%A9rea_del_Estadio_Azteca_-_2026_-_02.jpg
ak-bars-arena.jpg;Ak Bars Arena;Russia;45105;CC BY 4.0;Government Press and Information Office;https://commons.wikimedia.org/wiki/File:Closing_of_2013_Summer_Universiade_79.jpg
arena-aufschalke.jpg;Arena AufSchalke;Germany;62271;CC BY-SA 3.0;Frank Vincentz;https://commons.wikimedia.org/wiki/File:Gelsenkirchen_-_Schalker_Feld_-_AufSchalke_26_ies.jpg
mineirao.jpg;Mineirão;Brazil;66658;CC BY 2.0;Rodrigo Lima/Portal da Copa;https://commons.wikimedia.org/wiki/File:Mineir%C3%A3o_A%C3%A9rea.jpg
hampden-park.jpg;Hampden Park;United Kingdom;51866;CC BY-SA 3.0;Dan Kearney, cropped by Blackcat;https://commons.wikimedia.org/wiki/File:Hampden_Park_(Glasgow)_aerial_view_cropped.jpg
white-hart-lane.jpg;White Hart Lane;United Kingdom;36284;CC BY-SA 3.0;Forthevline;https://commons.wikimedia.org/wiki/File:White_Hart_Lane_from_South_End.JPG
lusail-stadium.jpg;Lusail Stadium;Qatar;88966;CC BY-SA 4.0;Adnen1985;https://commons.wikimedia.org/wiki/File:Br%C3%A9sil_vs_Serbie.jpg
stade-velodrome.jpg;Stade Vélodrome;France;67394;CC BY-SA 2.0;Bernard Ddd;https://commons.wikimedia.org/wiki/File:Stade_V%C3%A9lodrome_closeup.jpg
munich-olympic-stadium.jpg;Munich Olympic Stadium;Germany;63118;CC BY-SA 4.0;Amrei-Marie;https://commons.wikimedia.org/wiki/File:Blick_vom_Olympiaberg_auf_das_Olympiastadion.jpg
rostov-arena.jpg;Rostov Arena;Russia;45000;CC BY 4.0;Пресс-служба Президента России;https://commons.wikimedia.org/wiki/File:Rostov_Arena2018_(cropped).jpg
leicester-city-stadium.jpg;Leicester City Stadium;United Kingdom;32261;CC BY-SA 4.0;Pottercomuneo;https://commons.wikimedia.org/wiki/File:King_Power_Stadium_wide_view.jpg
mordovia-arena.jpg;Mordovia Arena;Russia;45015;CC BY-SA 4.0;Vyacheslav Bukharov;https://commons.wikimedia.org/wiki/File:Mordovia_Arena1.jpg
mhparena.jpg;MHPArena;Germany;60058;CC0;Xocolatl (talk) 09:17, 21 June 2011 (UTC);https://commons.wikimedia.org/wiki/File:Blick_vom_Rotenberg_Stadion.jpg
cape-town-stadium.jpg;Cape Town Stadium;South Africa;58309;CC BY-SA 3.0;Hansueli Krapf This file was uploaded with Commonist.;https://commons.wikimedia.org/wiki/File:2011-02-06_14-57-32_South_Africa_-_Bakoven.jpg
volksparkstadion.jpg;Volksparkstadion;Germany;57000;CC0;Mario Klassen marioklassen;https://commons.wikimedia.org/wiki/File:Well_lit_soccer_stadium_(Unsplash).jpg
johan-cruyff-arena.jpg;Johan Cruyff Arena;Netherlands;54990;CC0;Alf van Beem;https://commons.wikimedia.org/wiki/File:Arena,_Ajax_stadion,_Amsterdam.JPG
waldstadion.jpg;Waldstadion;Germany;51500;CC BY-SA 3.0 de;Arne Müseler;https://commons.wikimedia.org/wiki/File:Frankfurt_stadium.jpg
neo-quimica-arena.jpg;Neo Química Arena;Brazil;47252;CC BY 2.0;Alexandre Breveglieri;https://commons.wikimedia.org/wiki/File:ARENA_CORINTHIANS.jpg
rostec-arena.jpg;Rostec Arena;Russia;45015;CC BY-SA 4.0;Dmitry Rozhkov;https://commons.wikimedia.org/wiki/File:Kaliningrad_stadium_-_2018-04-07.jpg
samara-arena.png;Samara Arena;Russia;44918;CC BY-SA 4.0;Satory2001;https://commons.wikimedia.org/wiki/File:Samara_arena.png
central-stadium-yekaterinburg.jpg;Central Stadium Yekaterinburg;Russia;42500;FAL;A.Savin;https://commons.wikimedia.org/wiki/File:E-burg_asv2019-05_img22_Central_Stadium.jpg
juventus-stadium.jpg;Juventus Stadium;Italy;41689;CC BY 2.0;forzaq8 from kuwait, kuwait;https://commons.wikimedia.org/wiki/File:Juventus_v_Real_Madrid,_Champions_League,_Stadium,_Turin,_2013.jpg
estadio-nacional-de-brasilia.jpg;Estádio Nacional de Brasília;Brazil;69910;CC BY-SA 3.0 de;Arne Müseler;https://commons.wikimedia.org/wiki/File:Est%C3%A1dio_Nacional_de_Bras%C3%ADlia_2022.jpg
moses-mabhida-stadium.jpg;Moses Mabhida Stadium;South Africa;62760;CC0;Blastworlddbn;https://commons.wikimedia.org/wiki/File:Mabhida_Stadium.jpg
kazimierz-gorski-national-stadium.jpg;Kazimierz Górski National Stadium;Poland;58274;CC BY-SA 4.0;XEvansGambitx;https://commons.wikimedia.org/wiki/File:Stadion_narodowy_panorama.jpg
bc-place.jpg;BC Place;Canada;54500;CC BY-SA 3.0;Yvrphoto;https://commons.wikimedia.org/wiki/File:BC_Place_Opening_Day_2011-09-30.jpg
khalifa-international-stadium.jpg;Khalifa International Stadium;Qatar;50500;CC BY-SA 4.0;Adnen1985;https://commons.wikimedia.org/wiki/File:Khalifa_International_Stadium.jpg
rheinenergie-stadion.jpg;RheinEnergie Stadion;Germany;46195;CC BY-SA 4.0;Raimond Spekking;https://commons.wikimedia.org/wiki/File:Drohnenaufnahme_RheinEnergieStadion_im_Sportpark_M%C3%BCngersdorf-0551.jpg
volgograd-arena.jpg;Volgograd Arena;Russia;45568;CC BY-SA 3.0 de;Arne Müseler;https://commons.wikimedia.org/wiki/File:Volgograd_arena_aerial_view_1.jpg
parken-stadium.jpg;Parken Stadium;Denmark;38065;CC BY-SA 3.0 de;Arne Müseler;https://commons.wikimedia.org/wiki/File:Denmark_copenhagen_parken_stadium.jpg
selhurst-park.jpg;Selhurst Park;United Kingdom;26255;CC BY-SA 3.0 de;Arne Müseler;https://commons.wikimedia.org/wiki/File:London_Selhurst_Park_crystal_palace_stadium_aerialview.JPG
metlife-stadium.jpg;MetLife Stadium;United States;82500;CC BY 2.0;babyknight;https://commons.wikimedia.org/wiki/File:New_Meadowlands_Stadium_Mezz_Corner.jpg
millennium-stadium.jpg;Millennium Stadium;United Kingdom;73931;CC BY 2.0;Clint Budd from About 15 miles North of Swansea, Wales;https://commons.wikimedia.org/wiki/File:Principality_Stadium_May_3,_2016.jpg
sofi-stadium.jpg;SoFi Stadium;United States;70240;CC BY 2.0;Thank You (21 Millions+) views;https://commons.wikimedia.org/wiki/File:SoFi_Stadium_(51126606022).jpg
ellis-park-stadium.jpg;Ellis Park Stadium;South Africa;62567;CC BY-SA 2.0;Leglo09;https://commons.wikimedia.org/wiki/File:Ellis_Park_Stadium.jpg
ernst-happel-stadion.jpg;Ernst-Happel-Stadion;Austria;50000;CC BY-SA 3.0 de;Arne Müseler;https://commons.wikimedia.org/wiki/File:Ernst-happel-stadion_vienna.jpg
castelao.jpg;Castelão;Brazil;57876;CC BY 3.0 br;Fábio Lima/Portal da Copa/Março de 2013;https://commons.wikimedia.org/wiki/File:Fortaleza_Arena.jpg
free-state-stadium.jpg;Free State Stadium;South Africa;45158;CC BY-SA 3.0;Graham Maclachlan;https://commons.wikimedia.org/wiki/File:Free_State_Stadium1.jpg
estadio-couto-pereira.jpg;Estádio Couto Pereira;Brazil;34872;CC BY-SA 3.0;Original uploader was Kevinklop at nl.wikipedia (Original text : Kevin Klop);https://commons.wikimedia.org/wiki/File:Est%C3%A1dio_Major_Ant%C3%B4nio_Couto_Pereira,_2007-2.jpg
loftus-versfeld-stadium.jpg;Loftus Versfeld Stadium;South Africa;51762;CC BY-SA 2.0;legio09;https://commons.wikimedia.org/wiki/File:Loftus_Versfeld_Stadium.jpg
ramon-sanchez-pizjuan-stadium.jpg;Ramón Sánchez Pizjuán Stadium;Spain;42714;CC BY-SA 4.0;Niels98;https://commons.wikimedia.org/wiki/File:2022-10-25_1_Estadio_Ram%C3%B3n_S%C3%A1nchez_Pizju%C3%A1n_(Sevilla_FC).jpg
peter-mokaba-stadium.jpg;Peter Mokaba Stadium;South Africa;41733;CC BY 2.0;Brieuc Saffré;https://commons.wikimedia.org/wiki/File:Mokaba_stadium_(4739619696).jpg
gdansk-arena.jpeg;Gdańsk Arena;Poland;41620;CC BY-SA 3.0;Pawel Nurkowski;https://commons.wikimedia.org/wiki/File:PGE_Arena.jpeg
st-mary-s-stadium.jpg;St Mary's Stadium;United Kingdom;32589;CC BY-SA 2.0;David Dixon;https://commons.wikimedia.org/wiki/File:Saint_Mary%27s_Stadium_-_geograph.org.uk_-_5049881.jpg
at-t-stadium.jpg;AT&T Stadium;United States;90000;CC BY-SA 4.0;Michael Barera;https://commons.wikimedia.org/wiki/File:Arlington_June_2020_4_(AT%26T_Stadium).jpg
estadio-da-luz.jpg;Estádio da Luz;Portugal;68100;CC BY 3.0;Massimo Catarinella;https://commons.wikimedia.org/wiki/File:LuzLissabon.jpg
parc-olympique-lyonnais.jpg;Parc Olympique Lyonnais;France;59286;CC BY-SA 4.0;AsGunReview;https://commons.wikimedia.org/wiki/File:Stade_Lumi%C3%A8re.jpg
mestalla-stadium.jpg;Mestalla Stadium;Spain;49430;CC BY-SA 4.0;Valencia CF;https://commons.wikimedia.org/wiki/File:CAMP_DE_MESTALLA_GRADA_DE_LA_MAR_2014.JPG
nizhny-novgorod-stadium.jpg;Nizhny Novgorod Stadium;Russia;44899;FAL;A.Savin;https://commons.wikimedia.org/wiki/File:Nizhny_Novgorod_Stadium_asv2019-05.jpg
nelson-mandela-bay-stadium.jpg;Nelson Mandela Bay Stadium;South Africa;42486;CC BY 2.0;Ngrund;https://commons.wikimedia.org/wiki/File:Nelson_Mandela_Stadium_in_Port_Elizabeth.jpg
st-jakob-park.jpg;St. Jakob-Park;Switzerland;38512;CC BY-SA 4.0;Chris Wachtler;https://commons.wikimedia.org/wiki/File:St._Jakob_Park_Panorama_Switzerland_vs_Slovenia.jpg
melbourne-cricket-ground.jpg;Melbourne Cricket Ground;Australia;100024;CC BY-SA 4.0;Flickerd;https://commons.wikimedia.org/wiki/File:2017_AFL_Grand_Final_panorama_during_national_anthem.jpg
education-city-stadium.jpg;Education City Stadium;Qatar;90000;CC BY-SA 2.0;Republic of Korea;https://commons.wikimedia.org/wiki/File:2022_FIFA_World_Cup_Korea_Uruguay_01.jpg
panathenaic-stadium.jpg;Panathenaic Stadium;Greece;68000;CC BY-SA 3.0;Bgabel;https://commons.wikimedia.org/wiki/File:GR-athen-panathinaiko-stadion.jpg
donbass-arena.jpg;Donbass Arena;Ukraine;52518;CC BY 3.0;Валерий Дед;https://commons.wikimedia.org/wiki/File:Donetsk_Donbass_Arena_40.jpg
estadio-centenario.jpg;Estadio Centenario;Uruguay;60235;CC BY-SA 2.0;Marcelo Campi from Costa de Oro, Uruguay;https://commons.wikimedia.org/wiki/File:Estadio_Centenario_(vista_a%C3%A9rea).jpg
stadion-maksimir.jpg;Stadion Maksimir;Croatia;60000;CC BY-SA 4.0;Suradnik13;https://commons.wikimedia.org/wiki/File:Maksimirski_stadion_Zagreb.jpg
rajko-mitic-stadium.jpg;Rajko Mitić Stadium;Serbia;55538;CC BY-SA 3.0;Isimic;https://commons.wikimedia.org/wiki/File:Zvezda_stadion.jpg
aviva-stadium.jpg;Aviva Stadium;Ireland;51700;CC BY-SA 3.0 de;Arne Müseler;https://commons.wikimedia.org/wiki/File:Dublin_aviva_stadium.jpg
de-kuip.jpg;De Kuip;Netherlands;51577;Public domain;Author and original uploader was ART at nl.wikipedia;https://commons.wikimedia.org/wiki/File:StadionFeyenoord.jpg
astana-arena.jpg;Astana Arena;Kazakhstan;30000;CC BY-SA 3.0;ChelseaFunNumberOne;https://commons.wikimedia.org/wiki/File:Astana_Arena_(inside_interior).JPG
mas-monumental-stadium.jpg;Mas Monumental Stadium;Argentina;84567;CC BY-SA 4.0;Fulviusbsas;https://commons.wikimedia.org/wiki/File:RiverPlateStadium.jpg
international-stadium-yokohama.jpg;International Stadium Yokohama;Japan;72327;CC BY-SA 3.0 de;Arne Müseler;https://commons.wikimedia.org/wiki/File:Nissan_International_Stadium_Yokohama.jpg
helsinki-olympic-stadium.jpg;Helsinki Olympic Stadium;Finland;42062;CC BY-SA 4.0;Joneikifi;https://commons.wikimedia.org/wiki/File:Olympiastadion_2_2020-08-12.jpg
azadi-stadium.jpg;Azadi Stadium;Iran;84000;CC BY 4.0;Mahdi Zare/Fars News Agency;https://commons.wikimedia.org/wiki/File:Azadi_Stadium_ACL_2018.jpg
king-baudouin-stadium.jpg;King Baudouin Stadium;Belgium;50024;CC BY-SA 3.0;Joni-Fuego;https://commons.wikimedia.org/wiki/File:Stade_Roi_Baudouin.JPG
stade-louis-ii.jpg;Stade Louis II;Monaco;18523;CC BY 3.0;Валерий Дед;https://commons.wikimedia.org/wiki/File:Monaco_Stade_Louis-II_1.jpg
a-le-coq-arena.jpg;A. Le Coq Arena;Estonia;14336;CC BY-SA 2.0;toivo;https://commons.wikimedia.org/wiki/File:Samba_boys_kick_off_the_match_in_Tallinn.jpg
strawberry-arena.jpg;Strawberry Arena;Sweden;54329;CC BY 2.0;Håkan Dahlström from Malmö, Sweden;https://commons.wikimedia.org/wiki/File:Friends_Arena_(7751335978).jpg
arena-philip-ii-of-macedonia-tose-proeski-todor.jpg;Arena ”Philip II. of Macedonia / Toše Proeski / Todor”;North Macedonia;33460;CC BY-SA 4.0;kallerna;https://commons.wikimedia.org/wiki/File:To%C5%A1e_Proeski_Arena_1.jpg
puskas-arena.jpg;Puskás Aréna;Hungary;67215;CC BY-SA 4.0;OD Pictures;https://commons.wikimedia.org/wiki/File:Pusk%C3%A1s_Ar%C3%A9na_05.jpg
dinamo-arena.jpg;Dinamo Arena;Georgia;54549;CC BY-SA 4.0;Emin Allahverdi;https://commons.wikimedia.org/wiki/File:Boris_Paichadze_Dinamo_Arena,_Samtredia_-_Qaraba%C4%9F.jpg
philips-stadion.jpg;Philips Stadion;Netherlands;36500;CC BY 2.5;TaraO;https://commons.wikimedia.org/wiki/File:Philips_Stadion.jpg
hrazdan-stadium.jpg;Hrazdan Stadium;Armenia;54208;CC BY 2.0;Dr. Harout Tanielian;https://commons.wikimedia.org/wiki/File:Hrazdan_Stadium_2013,_Yerevan.jpg
julio-martinez-pradanos-national-stadium.jpg;Julio Martínez Prádanos National Stadium;Chile;46190;CC BY-SA 4.0;Rjcastillo;https://commons.wikimedia.org/wiki/File:Estadio_Nacional_-_A741105.jpg
tofiq-bahramov-stadium.jpg;Tofiq Bahramov Stadium;Azerbaijan;31200;CC BY-SA 4.0;Eminn;https://commons.wikimedia.org/wiki/File:Qarabagh_-_Young_Boys,_27.08.2015_(1).JPG
olympic-stadium.jpg;Olympic Stadium;Netherlands;22288;Attribution;http://www.bmz.amsterdam.nl;https://commons.wikimedia.org/wiki/File:Olstadion.jpg
daegu-stadium.jpg;Daegu Stadium;South Korea;68014;CC BY-SA 3.0;ko:user:Av3037;https://commons.wikimedia.org/wiki/File:Daegu_Stadium.JPG
salt-lake-stadium.jpg;Salt Lake Stadium;India;68000;CC BY-SA 4.0;Vinayaraj;https://commons.wikimedia.org/wiki/File:Salt_Lake_Stadium,_Vivekananda_Yuba_Bharati_Krirangan_(VYBK)-_Kolkata_-_IRCTC_2017_(29).jpg
eden-park.jpg;Eden Park;New Zealand;50000;CC BY 2.0;This image's author is Kiwi Flickr Attribution — You must give appropriate credit, provide a link to the license, and indicate if changes were made. You may do so in any reasonable manner, but not in any way that suggests the licensor endorses you or your use.;https://commons.wikimedia.org/wiki/File:Eden_Park_at_Dusk,_2013.jpg
podgorica-city-stadium.jpg;Podgorica City Stadium;Montenegro;12000;CC BY 2.0;MrSco;https://commons.wikimedia.org/wiki/File:Stadion_pod_Goricom.jpg
rheinpark-stadion.jpg;Rheinpark Stadion;Liechtenstein;7584;CC BY-SA 3.0;unknown;https://commons.wikimedia.org/wiki/File:Haupttrib%C3%BCne_mit_Gebirge.JPG
cairo-international-stadium.jpg;Cairo International Stadium;Egypt;100500;CC BY-SA 4.0;Crosskimo;https://commons.wikimedia.org/wiki/File:Cairo_stadium_Egypt_vs_Senegal.jpg
asim-ferhatovic-hase-stadium.jpg;Asim Ferhatović Hase Stadium;Bosnia and Herzegovina;30121;CC BY 2.0;ulicar;https://commons.wikimedia.org/wiki/File:Asim_Ferhatovi%C4%87_Hase_Stadium.jpg
laugardalsvollur.jpg;Laugardalsvöllur;Iceland;15427;CC BY 4.0;Quintin Soloviev;https://commons.wikimedia.org/wiki/File:Laugardalsv%C3%B6llur,_Iceland%27s_national_football_stadium.jpg
vasil-levski-national-stadium.jpg;Vasil Levski National Stadium;Bulgaria;43230;CC BY-SA 4.0;JukoFF;https://commons.wikimedia.org/wiki/File:Vasil_Levski_National_Stadium_2022.jpg
de-grolsch-veste.jpg;De Grolsch Veste;Netherlands;30000;CC BY-SA 3.0;Mark92 at nl.wikipedia;https://commons.wikimedia.org/wiki/File:Grolsch_Veste_wedstrijd.JPG
gsp-stadium.jpg;GSP Stadium;Cyprus;22709;CC BY 2.0;George Groutas;https://commons.wikimedia.org/wiki/File:GSP_Stadium_in_Nicosia_(Omonoia_-_Manchester_City).jpg
fortuna-arena.jpg;Fortuna Arena;Czech Republic;20800;CC BY 2.0;Markus Unger from Vienna, Austria;https://commons.wikimedia.org/wiki/File:Synot_Tip_Arena_-_Viktoria_Plzen_-_FC_Barcelona_0-4.jpg
ta-qali-national-stadium.jpg;Ta' Qali National Stadium;Malta;17797;Public domain;D T G;https://commons.wikimedia.org/wiki/File:Malta_TaQali.JPG
borisov-arena.jpg;Borisov Arena;Belarus;13121;CC BY 3.0;Валерий Дед;https://commons.wikimedia.org/wiki/File:Barysaw_Barysaw-Arena_1.jpg
zimbru-stadium.jpg;Zimbru Stadium;Moldova;10400;CC0;Lovecookie22;https://commons.wikimedia.org/wiki/File:Zimbru_Stadium_in_26_April_2025.jpg
torsv-llur.jpg;Tórsvøllur;Faroe Islands;5100;CC BY-SA 3.0;Eileen Sandá;https://commons.wikimedia.org/wiki/File:Torsvollur_Football_Venue_in_Torshavn_Faroe_Islands.JPG
gran-canaria-stadium.jpg;Gran Canaria Stadium;Spain;32392;CC BY-SA 4.0;Beta15;https://commons.wikimedia.org/wiki/File:Estadio_de_Gran_Canaria_7-1-2017.jpg
air-albania-stadium.jpg;Air Albania Stadium;Albania;22500;CC BY 4.0;Albinfo;https://commons.wikimedia.org/wiki/File:Air_Albania_Stadium_close.jpg
gelredome.jpg;GelreDome;Netherlands;21000;CC BY-SA 3.0;unknown;https://commons.wikimedia.org/wiki/File:Gelredome.jpg
san-marino-stadium.jpg;San Marino Stadium;San Marino;6664;CC BY 4.0;Labicanense;https://commons.wikimedia.org/wiki/File:Stadio_Olimpico_(Serravalle).jpg
national-stadium-bukit-jalil.png;National Stadium, Bukit Jalil;Malaysia;85000;CC BY-SA 4.0;Pak Misai;https://commons.wikimedia.org/wiki/File:Bukit_Jalil_National_Stadium_2021.png
king-fahd-sports-city.jpg;King Fahd Sports City;Saudi Arabia;70200;CC BY 2.0;alobayd;https://commons.wikimedia.org/wiki/File:KingFahdInternationalStadium.jpg
lerkendal-stadion.jpg;Lerkendal Stadion;Norway;21423;CC BY-SA 4.0;Ssu;https://commons.wikimedia.org/wiki/File:Lerkendal_stadion,_2021_(2).jpg
afas-stadion.jpg;AFAS Stadion;Netherlands;17023;CC BY-SA 4.0;Jesperverbruggen;https://commons.wikimedia.org/wiki/File:Vooraanzicht_AFAS_Stadion_april2022.jpg
stade-josy-barthel.jpg;Stade Josy Barthel;Luxembourg;8054;CC BY-SA 1.0;Cornischong;https://commons.wikimedia.org/wiki/File:Stade_Josy_Barthel.jpg
teddy-stadium.jpg;Teddy Stadium;Israel;31733;CC BY-SA 4.0;Hagai Agmon-Snir حچاي اچمون-سنير חגי אגמון-שניר;https://commons.wikimedia.org/wiki/File:TeddyStadiumJerusalem%D9%90Apr172023_03.jpg
stozice-stadium.jpg;Stožice Stadium;Slovenia;16038;CC BY-SA 2.0;The Stadium Guide;https://commons.wikimedia.org/wiki/File:Sto%C5%BEice_(31296599020).jpg
skonto-stadium.jpg;Skonto Stadium;Latvia;8087;CC0;Bendžamins;https://commons.wikimedia.org/wiki/File:Skonto_stadium_(20.10.2025.).jpg
amman-international-stadium.jpg;Amman International Stadium;Jordan;25000;CC BY-SA 2.5;The original uploader was Freedom's Falcon at Arabic Wikipedia.;https://commons.wikimedia.org/wiki/File:Aerial_View_of_Amman_International_Stadium.jpg
estadi-comunal-d-andorra-la-vella.png;Estadi Comunal d'Andorra la Vella;Andorra;850;CC BY-SA 3.0;kyselak;https://commons.wikimedia.org/wiki/File:Stadium_andorra.png
marrakesh-stadium.jpg;Marrakesh Stadium;Morocco;45240;CC BY 3.0;Nilgro;https://commons.wikimedia.org/wiki/File:Stade_de_marrakech.jpg
national-stadium.jpg;National Stadium;Singapore;55000;CC BY-SA 4.0;Exec8;https://commons.wikimedia.org/wiki/File:Seating_at_Singapore_National_Stadium.jpg
zayed-sports-city-stadium.jpg;Zayed Sports City Stadium;United Arab Emirates;43000;CC BY 3.0;Валерий Дед;https://commons.wikimedia.org/wiki/File:Abu_Dhabi_Zayed_Sports_City_Stadium_1.jpg
bunyodkor-stadium.jpg;Bunyodkor Stadium;Uzbekistan;34000;CC BY 4.0;Прикли;https://commons.wikimedia.org/wiki/File:National_Stadium_(Uzbekistan),_Uzbekistan-Qatar,_10_June_2025.jpg
kim-il-sung-stadium.png;Kim Il-sung Stadium;North Korea;70000;CC BY 3.0;Daniel Hough;https://commons.wikimedia.org/wiki/File:North_Korea_v_Philippines,_8_October_2015_C.png
estadio-metropolitano-roberto-melendez.jpg;Estadio Metropolitano Roberto Meléndez;Colombia;46692;CC BY-SA 4.0;Mkstillo;https://commons.wikimedia.org/wiki/File:Estadio_Metropolitano_de_Baranquilla_2011.jpg
euroborg.jpg;Euroborg;Netherlands;22550;CC BY-SA 3.0;Kevster at Dutch Wikipedia;https://commons.wikimedia.org/wiki/File:Euroborg.jpg
stadion-antona-malatinskeho.jpg;Štadión Antona Malatinského;Slovakia;19200;CC BY-SA 4.0;Vincenzo.togni;https://commons.wikimedia.org/wiki/File:The_City_Arena_in_Trnava_(2018).jpg
stade-ahmadou-ahidjo.jpg;Stade Ahmadou Ahidjo;Cameroon;52000;CC BY-SA 4.0;Kondah;https://commons.wikimedia.org/wiki/File:Stade_Omnisports_Ahmadou_Ahidjo_Yaound%C3%A9_01.jpg
felix-houphouet-boigny-stadium.jpg;Felix Houphouet Boigny Stadium;Ivory Coast;50000;CC BY-SA 4.0;Kod B;https://commons.wikimedia.org/wiki/File:Stade_F%C3%A9lix_Houphou%C3%ABt-Boigny_r%C3%A9habilit%C3%A9_04.jpg
national-stadium-of-peru.jpg;National Stadium of Peru;Peru;43086;CC BY 2.0;Ministerio de Defensa del Perú;https://commons.wikimedia.org/wiki/File:Vista_a%C3%A9rea_del_estadio_nacional_del_Per%C3%BA_(2021).jpg
estadio-defensores-del-chaco.jpg;Estadio Defensores del Chaco;Paraguay;42354;CC BY-SA 4.0;Hazaña17;https://commons.wikimedia.org/wiki/File:Estadio_Defensores_del_Chaco_en_2019.jpg
estadio-hernando-siles.jpg;Estadio Hernando Siles;Bolivia;38000;CC BY 2.0;psyberartist;https://commons.wikimedia.org/wiki/File:Hernando_Siles_Stadium_-_La_Paz.jpg
national-stadium-dhaka.jpg;National Stadium, Dhaka;Bangladesh;36000;CC BY-SA 4.0;Pinu Rahman;https://commons.wikimedia.org/wiki/File:%E0%A6%9C%E0%A6%BE%E0%A6%A4%E0%A7%80%E0%A6%AF%E0%A6%BC_%E0%A6%B8%E0%A7%8D%E0%A6%9F%E0%A7%87%E0%A6%A1%E0%A6%BF%E0%A6%AF%E0%A6%BC%E0%A6%BE%E0%A6%AE_%E0%A6%A2%E0%A6%BE%E0%A6%95%E0%A6%BE.jpg
estadio-olimpico-atahualpa.jpg;Estadio Olímpico Atahualpa;Ecuador;35742;CC BY-SA 2.0;Agencia de Noticias ANDES;https://commons.wikimedia.org/wiki/File:MIRANDO_A_QUITO_DESDE_LAS_ALTURAS_(37628605982).jpg
gaddafi-stadium.jpg;Gaddafi Stadium;Pakistan;60000;CC BY-SA 4.0;Younisjunejo;https://commons.wikimedia.org/wiki/File:Gaddafi_Stadium_at_Night.jpg
mandela-national-stadium.jpg;Mandela National Stadium;Uganda;45202;CC BY-SA 4.0;Vebjorl;https://commons.wikimedia.org/wiki/File:Mandela_National_Stadium,_Uganda.JPG
my-dinh-national-stadium.jpg;My Dinh National Stadium;Vietnam;40192;CC BY 3.0;NamHyHoangPhong đã đưa vào phạm vi công cộng;https://commons.wikimedia.org/wiki/File:Kh%C3%A1n_%C4%91%C3%A0i_B_-_S%C3%A2n_v%E1%BA%ADn_%C4%91%E1%BB%99ng_Qu%E1%BB%91c_gia_M%E1%BB%B9_%C4%90%C3%ACnh.jpg
estadio-nacional-de-costa-rica.jpg;Estadio Nacional de Costa Rica;Costa Rica;35175;CC BY-SA 4.0;MadriCR;https://commons.wikimedia.org/wiki/File:Estadio_Nacional_de_Costa_Rica,_2011.jpg
ghazi-stadium.jpg;Ghazi Stadium;Afghanistan;30000;CC BY-SA 3.0;Ahmad Faisal;https://commons.wikimedia.org/wiki/File:Ahmad_Faisal_-_football_-_D.jpg
abe-lenstra-stadion.jpg;Abe Lenstra Stadion;Netherlands;26100;CC BY 2.5;Udo Ockema;https://commons.wikimedia.org/wiki/File:Abe_Lenstra_Stadion_08c.JPG
werktalent-stadion.jpg;WerkTalent Stadion;Netherlands;15000;CC BY-SA 4.0;Michiel1972;https://commons.wikimedia.org/wiki/File:ADO_Den_Haag_Stadion,_Forepark.jpg
olympic-stadium-of-rades.jpg;Olympic Stadium of Radès;Tunisia;65000;CC BY 2.0;khaled abdelmoumen;https://commons.wikimedia.org/wiki/File:STADE_DE_RADES.jpg
lagos-national-stadium.jpg;Lagos National Stadium;Nigeria;55000;CC BY-SA 4.0;S.aderogba;https://commons.wikimedia.org/wiki/File:Main-bowl-national-stadium-surulere-lagos.jpg
estadio-11-de-novembro.jpg;Estádio 11 de Novembro;Angola;50000;CC BY-SA 3.0;L.Willms;https://commons.wikimedia.org/wiki/File:Estadio-11Nov-Luanda_03_linke-Seite-Bogen_LWS-2011-08-NC_0991.jpg
accra-sports-stadium.jpg;Accra Sports Stadium;Ghana;40000;CC BY-SA 4.0;Celestinesucess;https://commons.wikimedia.org/wiki/File:Ohene_Djan_Sports_Stadium,_Accra.jpg
dasarath-rangasala-stadium.jpg;Dasarath Rangasala Stadium;Nepal;30000;CC BY 2.0;Piterpan;https://commons.wikimedia.org/wiki/File:Dasarath_Rangasala_Stadium.jpg
bahrain-national-stadium.jpg;Bahrain National Stadium;Bahrain;24000;CC BY-SA 2.5;No machine-readable author provided. Chanad assumed (based on copyright claims).;https://commons.wikimedia.org/wiki/File:Bahrain_National_Stadium.jpg
pamir-stadium.jpg;Pamir Stadium;Tajikistan;24000;CC BY-SA 4.0;Каримов Сиёвуш;https://commons.wikimedia.org/wiki/File:Fc-Istiklol..jpg
fadil-vokrri-stadium.jpg;Fadil Vokrri Stadium;Kosovo;16200;CC BY-SA 4.0;ManiacOfSport;https://commons.wikimedia.org/wiki/File:Fadil_Vokrri_Stadium_2024.jpg
fk-zalgiris-home-stadium.jpg;FK Žalgiris Home Stadium;Lithuania;5067;CC BY-SA 4.0;Augustas Didžgalvis;https://commons.wikimedia.org/wiki/File:LFF2_by_Augustas_Didzgalvis.jpg
stade-5-juillet-1962.jpg;Stade 5 Juillet 1962;Algeria;76200;CC BY-SA 4.0;Billal Haddadi;https://commons.wikimedia.org/wiki/File:Stade_5_Juillet_1962.jpg
aleppo-international-stadium.jpg;Aleppo International Stadium;Syria;75000;CC BY-SA 3.0;Firas1977;https://commons.wikimedia.org/wiki/File:Aleppo_International_Stadium,_day_view,_2009_(2).jpg
national-stadium-q713442.jpg;National Stadium;Taiwan;55000;Attribution;高雄市政府觀光局;https://commons.wikimedia.org/wiki/File:World_Games_Stadium_and_National_Sports_Training_Center_2022_02.jpg
stade-d-angondje.jpg;Stade d'Angondjé;Gabon;40000;CC BY 2.0;Ben Sutherland from Crystal Palace, London, UK;https://commons.wikimedia.org/wiki/File:Cameroon_celebrating_winning_2017_Africa_Cup_of_Nations.jpg
addis-ababa-stadium.jpg;Addis Ababa Stadium;Ethiopia;35000;FAL;A.Savin;https://commons.wikimedia.org/wiki/File:ET_Addis_asv2018-01_img02_Stadium.jpg
olympic-stadium-q2343636.jpg;Olympic Stadium;Turkmenistan;30000;CC BY 4.0;Javid Nikpour;https://commons.wikimedia.org/wiki/File:Saparmurat_Turkmenbashi_Olympic_Stadium.jpg
kensington-oval.jpg;Kensington Oval;Barbados;28000;CC BY 2.0;subzi73;https://commons.wikimedia.org/wiki/File:Kensington_Oval_yes.jpg
changlimithang-stadium.jpg;Changlimithang Stadium;Bhutan;25000;CC BY 2.0;Steve Evans from Bangalore, India;https://commons.wikimedia.org/wiki/File:Bhutan_archery.jpg
stadion-galgenwaard.jpg;Stadion Galgenwaard;Netherlands;23750;CC BY-SA 3.0;Kevertje77 at Dutch Wikipedia;https://commons.wikimedia.org/wiki/File:Stadion_FC_Utrecht_-_Bunnikside.jpg
malabo-stadium.jpg;Malabo Stadium;Equatorial Guinea;15250;Public domain;Tadpolefarmer at English Wikipedia;https://commons.wikimedia.org/wiki/File:Estadio_de_Malabo_Equatorial_Guinea.JPG
asito-stadion.png;Asito Stadion;Netherlands;12080;CC BY-SA 4.0;Rwscheper;https://commons.wikimedia.org/wiki/File:Heracles_Stadion.PNG
nuuk-stadium.jpg;Nuuk Stadium;Greenland;2000;CC BY-SA 2.0;Henrik Karll;https://commons.wikimedia.org/wiki/File:Nuuk_Stadium_2.jpg
thuwunna-stadium.jpg;Thuwunna Stadium;Myanmar;50000;CC BY-SA 3.0;Ranking Update;https://commons.wikimedia.org/wiki/File:Thuwunna_Stadium.JPG
rizal-memorial-stadium.jpg;Rizal Memorial Stadium;Philippines;30000;Public domain;Lesmes Solanoy;https://commons.wikimedia.org/wiki/File:Rizal_Memorial_Track_and_Football_Stadium.jpg
hasely-crawford-stadium.jpg;Hasely Crawford Stadium;Trinidad and Tobago;27000;CC BY-SA 3.0;Chris Fitzpatrick;https://commons.wikimedia.org/wiki/File:HCStadium2013.jpg
stadionul-dr-constantin-radulescu.jpg;Stadionul Dr. Constantin Rădulescu;Romania;23500;CC BY 3.0;Валерий Дед;https://commons.wikimedia.org/wiki/File:Cluj-Napoca_Stadionul_Dr._Constantin_R%C4%83dulescu_1.jpg
spartak-stadium.jpg;Spartak Stadium;Kyrgyzstan;23000;CC BY 4.0;Garra-chebera;https://commons.wikimedia.org/wiki/File:D%C3%B6l%C3%B6n-%C3%96m%C3%BCrsakow-Stadion,_Bishkek.jpg
koning-willem-ii-stadion.jpg;Koning Willem II Stadion;Netherlands;14637;Public domain;Maarten van Esch;https://commons.wikimedia.org/wiki/File:Willem_II_stadion.jpg
sparta-stadion-het-kasteel.jpg;Sparta Stadion Het Kasteel;Netherlands;11026;CC BY-SA 3.0;Hanhil at Dutch Wikipedia;https://commons.wikimedia.org/wiki/File:SpartaKasteel.jpg
olympic-stadium-q2021522.jpg;Olympic Stadium;Cambodia;50000;CC BY 2.0;Khmer Scholar;https://commons.wikimedia.org/wiki/File:A_football_match_at_the_Olympic_Stadium,_Phnom_Penh_(Chetra_Chap,_2015)._(19104466005).jpg
polideportivo-cachamay.jpg;Polideportivo Cachamay;Venezuela;45600;CC BY-SA 4.0;Shaolingv4;https://commons.wikimedia.org/wiki/File:Cte_cachamay_aereo.jpg
stade-de-l-amitie.jpg;Stade de l'Amitié;Benin;35000;CC BY-SA 4.0;Sdansou;https://commons.wikimedia.org/wiki/File:Stade_de_l%27amiti%C3%A9_de_Cotonou.jpg
sultan-qaboos-sports-complex.jpg;Sultan Qaboos Sports Complex;Oman;34000;Public domain;Pranav21391 (talk);https://commons.wikimedia.org/wiki/File:MuscatGulfCup2.jpg
hassanal-bolkiah-national-stadium.jpg;Hassanal Bolkiah National Stadium;Brunei;30000;Copyrighted free use;Pudt;https://commons.wikimedia.org/wiki/File:Hassanal_Bolkiah_National_Stadium_2017.jpg
hfc-bank-stadium.jpg;HFC Bank Stadium;Fiji;25000;CC BY-SA 3.0;Stemoc;https://commons.wikimedia.org/wiki/File:ANZ_Stadium_Fiji.jpg
providence-stadium.jpg;Providence Stadium;Guyana;20000;CC BY 2.5;No machine-readable author provided. FrWaters assumed (based on copyright claims).;https://commons.wikimedia.org/wiki/File:Providence_Stadium_outside.jpg
cambuur-stadion.jpg;Cambuur Stadion;Netherlands;10500;CC BY 2.0;Stefan Oost at Flickr.com;https://commons.wikimedia.org/wiki/File:Cambuurstadion.jpg
jakarta-international-stadium.jpg;Jakarta International Stadium;Indonesia;82000;CC BY-SA 4.0;RasyaAbhirama13;https://commons.wikimedia.org/wiki/File:Jakarta_International_Stadium_interior.jpg
tripoli-stadium-international.jpg;Tripoli Stadium International;Libya;53000;Public domain;BenTaher;https://commons.wikimedia.org/wiki/File:11_June_Stadium_BenTaher.jpg
estadio-cuscatlan.jpg;Estadio Cuscatlán;El Salvador;45925;CC BY-SA 3.0 de;Arne Müseler;https://commons.wikimedia.org/wiki/File:El-salvador_san-salvador_Estadio-Cuscatl%C3%A1n_2.JPG
mac3park-stadion.jpg;MAC³PARK stadion;Netherlands;12500;Public domain;Alonstoter;https://commons.wikimedia.org/wiki/File:Zwolle_IJsseldeltastadion.jpg
fortuna-sittard-stadion.jpg;Fortuna Sittard Stadion;Netherlands;12500;Public domain;Weiderinder.de.vu;https://commons.wikimedia.org/wiki/File:Stadion_Sittard_Rapsstroh_pressen.JPG
de-adelaarshorst.jpg;De Adelaarshorst;Netherlands;6700;CC BY 3.0;Kevster;https://commons.wikimedia.org/wiki/File:Adelaarshorst-uitvak.jpg
stadion-woudestein.jpg;Stadion Woudestein;Netherlands;3531;Public domain;Wikifrits;https://commons.wikimedia.org/wiki/File:Rotterdam_stadion_woudestein.jpg
estadio-doroteo-guamuch-flores.jpg;Estadio Doroteo Guamuch Flores;Guatemala;30000;CC BY-SA 4.0;JMRAFFi;https://commons.wikimedia.org/wiki/File:Estadio_Mateo_Flores_Guatemala.JPG
rat-verlegh-stadion.jpg;Rat Verlegh Stadion;Netherlands;19000;CC BY-SA 3.0;MM1912;https://commons.wikimedia.org/wiki/File:20131027_Rat_Verlegh_Stadion.jpg
stadion-de-goffert.jpg;Stadion de Goffert;Netherlands;12500;CC BY-SA 4.0;Justinrtw5;https://commons.wikimedia.org/wiki/File:Goffertstadion_tijdens_een_wedstrijd.jpg
warner-park-sporting-complex.jpg;Warner Park Sporting Complex;Saint Kitts and Nevis;10000;CC BY 2.0;St Kitts &amp, Nevis Government, permission: https://www.flickr.com/photos/skngov/14733563912;https://commons.wikimedia.org/wiki/File:Warner_Park_Cricket_Stadium.jpg
mandemakers-stadion.jpg;Mandemakers Stadion;Netherlands;7500;CC BY 4.0;Michielverbeek;https://commons.wikimedia.org/wiki/File:Waalwijk,_het_Mandemakersstadion_van_RKC_IMG_0799_2026-03-22_11.05.jpg
moi-international-sports-centre.jpg;Moi International Sports Centre;Kenya;60000;CC BY-SA 4.0;Eriksson1904;https://commons.wikimedia.org/wiki/File:A_few_minutes_before_the_match,_Kasarani,_Nairobi.jpg
independence-park.jpg;Independence Park;Jamaica;35000;CC0;Cm 1962;https://commons.wikimedia.org/wiki/File:Independence_Park.jpg
r-premadasa-stadium.jpg;R. Premadasa Stadium;Sri Lanka;35000;CC BY-SA 3.0;Sachintha Wijayatunga;https://commons.wikimedia.org/wiki/File:Percy,_Beloved_Sri_Lankan_cricket_fan.jpg
chang-arena.jpg;Chang Arena;Thailand;32600;CC BY-SA 3.0;::::=UT=::::;https://commons.wikimedia.org/wiki/File:Isan,_Mueang_Buri_Ram_District,_Buri_Ram_31000,_Thailand_-_panoramio_(6).jpg
estadio-rommel-fernandez.jpg;Estadio Rommel Fernández;Panama;32000;CC BY-SA 4.0;123Hollic;https://commons.wikimedia.org/wiki/File:Estadio_Rommel_Fern%C3%A1ndezA2.jpg
kamuzu-stadium.jpg;Kamuzu Stadium;Malawi;32000;CC BY-SA 3.0;AndrewDressel (talk). Original uploader was AndrewDressel at en.wikipedia;https://commons.wikimedia.org/wiki/File:Kamuzu_Stadium_exterior.JPG
parkstad-limburg-stadion.jpg;Parkstad Limburg Stadion;Netherlands;19979;Public domain;Ymmit1983;https://commons.wikimedia.org/wiki/File:RodaStadion.jpg
de-meer-stadion.jpg;De Meer Stadion;Netherlands;19000;CC0;Koen Suyk / Anefo;https://commons.wikimedia.org/wiki/File:Ajax_stadion_De_Meer_met_laag_sneeuw_bedekt_1979,_Bestanddeelnr_930-0716.jpg
national-stadium-q1500479.jpg;National Stadium;Timor-Leste;13000;CC BY-SA 3.0;Andy4190;https://commons.wikimedia.org/wiki/File:Timor_Leste_Nacional_Stadion.jpg
galolhu-national-stadium.jpg;Galolhu National Stadium;Maldives;13000;CC BY-SA 3.0;ZZ47;https://commons.wikimedia.org/wiki/File:Galolhu_Dhandu.jpg
lawson-tama-stadium.jpg;Lawson Tama Stadium;Solomon Islands;10000;CC BY 3.0;David Jones;https://commons.wikimedia.org/wiki/File:Lawson_Tama_Stadium.jpg
de-koel.jpg;De Koel;Netherlands;7500;CC BY 2.0;Tsutomu Takasu;https://commons.wikimedia.org/wiki/File:Flickr_-_tpower1978_-_Training_session_(2).jpg
national-stadium-q1503980.jpg;National Stadium;Sierra Leone;45000;CC BY-SA 2.0;Dorothy Voorhees;https://commons.wikimedia.org/wiki/File:Sierra_Leone_National_Stadium.jpg
de-vijverberg.jpg;De Vijverberg;Netherlands;12600;Public domain;User:Switchblade;https://commons.wikimedia.org/wiki/File:De_Vijverberg.JPG
antigua-recreation-ground.jpg;Antigua Recreation Ground;Antigua and Barbuda;9000;CC BY 2.0;Z_dead from London, UK;https://commons.wikimedia.org/wiki/File:Cricket_ground.jpg
de-oude-meerdijk.jpg;De Oude Meerdijk;Netherlands;8600;Public domain;Hans055;https://commons.wikimedia.org/wiki/File:Emmen_univestadion.jpg
mff-football-centre.jpg;MFF Football Centre;Mongolia;3500;CC BY-SA 4.0;Mongolian Football Federation;https://commons.wikimedia.org/wiki/File:The_MFF_Football_Centre_in_2024.jpg
bairiki-national-stadium.jpg;Bairiki National Stadium;Kiribati;2500;CC BY-SA 4.0;Flexmaen;https://commons.wikimedia.org/wiki/File:Bairiki_National_Stadium,_Tarawa,_Kiribati.jpg
estadio-nacional-jose-de-la-paz-herrera.jpg;Estadio Nacional Jose de la Paz Herrera;Honduras;37000;CC BY-SA 4.0;Chifullo;https://commons.wikimedia.org/wiki/File:Estadio_Chelato_Ucl%C3%A9s.jpg
stade-general-seyni-kountche.jpg;Stade Général Seyni Kountché;Niger;35000;CC BY-SA 4.0;NigerTZai;https://commons.wikimedia.org/wiki/File:Niger,_Niamey,_Kountch%C3%A9_Stadium_(1).jpg
hiram-bithorn-stadium.jpg;Hiram Bithorn Stadium;Puerto Rico;18264;Public domain;Rahola Photo Supply, San Juan (publisher);https://commons.wikimedia.org/wiki/File:San_Juan_-_Bithorn_Stadium.jpg
kirani-james-athletic-stadium.jpg;Kirani James Athletic Stadium;Grenada;10000;CC BY-SA 4.0;Mikehaz;https://commons.wikimedia.org/wiki/File:Kirani_James_Athletic_Stadium,_Nov_2016.jpg
kras-stadion.jpg;Kras Stadion;Netherlands;6200;Public domain;Roelzzz;https://commons.wikimedia.org/wiki/File:Kras_stadion.JPG
andre-kamperveen-stadium.jpg;André Kamperveen Stadium;Suriname;6000;Public domain;Brokopondo at German Wikipedia;https://commons.wikimedia.org/wiki/File:KamperveenStadion.jpg
guillermo-prospero-trinidad-stadium.jpg;Guillermo Prospero Trinidad Stadium;Aruba;5500;CC BY-SA 4.0;Xrevbc;https://commons.wikimedia.org/wiki/File:Trinidad_Stadium_Aruba_Pitch.jpg
national-heroes-stadium.jpg;National Heroes Stadium;Zambia;60000;CC BY-SA 2.0;Adam Ojdahl;https://commons.wikimedia.org/wiki/File:Inauguration_of_Edgar_Lungu.jpg
mogadishu-stadium.jpg;Mogadishu Stadium;Somalia;60000;CC BY-SA 4.0;Abdi maxamed;https://commons.wikimedia.org/wiki/File:Mogadishustadium.jpg
al-merrikh-stadium.jpg;Al-Merrikh Stadium;Sudan;43000;CC BY-SA 4.0;Abdel-Moneim Mustafa;https://commons.wikimedia.org/wiki/File:Al-Marekh_Stadium_Omdurman_Sudan_1964_Designed_by_Abdel-Moneim_Mustafa_8.jpg
independence-stadium.jpg;Independence Stadium;The Gambia;40000;Public domain;Annatto;https://commons.wikimedia.org/wiki/File:Gambia_v_guinea.JPG
stade-du-28-septembre.jpg;Stade du 28 Septembre;Guinea;25000;CC BY 2.0;Jeff Attaway from Abuja, Nigeria;https://commons.wikimedia.org/wiki/File:Over_conakry_(3326330162).jpg
saida-municipal-stadium.jpg;Saida Municipal Stadium;Lebanon;22600;CC BY-SA 3.0;Peripitus;https://commons.wikimedia.org/wiki/File:Saida_Municipal_Stadium_with_beachgoers.jpg
cicero-stadium.jpg;Cicero Stadium;Eritrea;20000;CC BY-SA 3.0;Nicholas Gemini;https://commons.wikimedia.org/wiki/File:Eritrea_corner%27s_08.jpg
ergilio-hato-stadium.jpg;Ergilio Hato Stadium;Curaçao;15000;CC BY-SA 3.0;Burgbernd;https://commons.wikimedia.org/wiki/File:Stadion_Ergilio_Hato.jpg
windsor-park.jpg;Windsor Park;Dominica;12000;Public domain;SDGibbons;https://commons.wikimedia.org/wiki/File:Windsor_Park_Roseau_Dominica.JPG
estadio-da-varzea.jpg;Estádio da Várzea;Cape Verde;8000;Public domain;Xandu;https://commons.wikimedia.org/wiki/File:Est%C3%A1dio_da_V%C3%A1rzea.jpg
mong-kok-stadium.jpg;Mong Kok Stadium;British Hong Kong;6664;CC BY-SA 3.0;Ngchikit;https://commons.wikimedia.org/wiki/File:Mong_Kok_Stadium_all_three_stands.jpg
tuvalu-sports-ground.jpg;Tuvalu Sports Ground;Tuvalu;1500;CC BY-SA 1.0;Dutch Support Tuvalu;https://commons.wikimedia.org/wiki/File:Vaiaku-stadion_02.jpg
al-shaab-stadium.jpg;Al-Shaab Stadium;Iraq;35000;Public domain;Makaay31;https://commons.wikimedia.org/wiki/File:Al-Shaab_Stadium_(25).JPG
nicosia-ataturk-stadium.jpg;Nicosia Atatürk Stadium;Northern Cyprus;28000;CC BY-SA 3.0;Seksen iki yüz kırk beş;https://commons.wikimedia.org/wiki/File:Nicosia_Ataturk_Stadium.jpg
estadio-24-de-setembro.jpg;Estádio 24 de Setembro;Guinea-Bissau;20000;CC BY-SA 4.0;Helena Maria Pestana;https://commons.wikimedia.org/wiki/File:Viagem_de_Bissau_para_Bolama,_Guin%C3%A9-Bissau_%E2%80%93_2018-03-02_%E2%80%93_DSCN0973.jpg
kazhimukan-munaitpasov-stadium.jpg;Kazhimukan Munaitpasov Stadium;Soviet Union;20000;CC BY-SA 4.0;TheGreatSteppe;https://commons.wikimedia.org/wiki/File:Kazhymukan-Munaitpasov-_Stadium-Shymkent-Kazakhstan.jpg
al-sadaqua-walsalam-stadium.jpg;Al-Sadaqua Walsalam Stadium;Kuwait;16000;CC BY-SA 3.0;Ahmadalshami at en.wikipedia;https://commons.wikimedia.org/wiki/File:Kazmastadium.jpg
thomas-robinson-stadium.jpg;Thomas Robinson Stadium;The Bahamas;15023;CC0;Iles du francois;https://commons.wikimedia.org/wiki/File:Tommy_Robinson_National_Stadium.jpg
estadio-nacional-12-de-julho.jpg;Estádio Nacional 12 de Julho;São Tomé and Príncipe;6500;CC BY 2.0;Chuck Moravec;https://commons.wikimedia.org/wiki/File:Sao_Tome_National_Stadium_(15626686954).jpg
omnisport-apeldoorn.jpg;Omnisport Apeldoorn;Netherlands;5000;Public domain;Apdency;https://commons.wikimedia.org/wiki/File:Omnisport_Apeldoorn.jpg
yanmar-stadion.jpg;Yanmar Stadion;Netherlands;4501;CC BY-SA 4.0;Youri165;https://commons.wikimedia.org/wiki/File:Almere_City_FC_Stadion.jpg
stade-municipal-de-kintele.jpg;Stade Municipal de Kintélé;Republic of the Congo;;CC BY-SA 4.0;Apipo1907 (talk);https://commons.wikimedia.org/wiki/File:Stade_olympique_de_Brazzaville.jpg
stade-modibo-keita.jpg;Stade Modibo Kéïta;Mali;35000;CC BY-SA 2.0 fr;Francois Feignier;https://commons.wikimedia.org/wiki/File:2014-03-22_Stade_omnisports_Modibo-Ke%C3%AFta.jpg
barthelemy-boganda-stadium.jpg;Barthélemy Boganda Stadium;Central African Republic;35000;CC BY-SA 4.0;flavour @ Mapillary.com;https://commons.wikimedia.org/wiki/File:Avenue_des_Martyrs,_Bangui_-_Mapillary_(v3azRkJmiUnTDVXUJf35ng).jpg
estadio-pedro-marrero.jpg;Estadio Pedro Marrero;Cuba;30000;CC BY-SA 3.0;NYC2TLV;https://commons.wikimedia.org/wiki/File:Estadio_Pedro_Marrero.JPG
mahamasina-municipal-stadium.jpg;Mahamasina Municipal Stadium;Madagascar;22000;CC BY-SA 4.0;Chirocca77;https://commons.wikimedia.org/wiki/File:Stage_Barea_Mahamasina_(kianja_Barea_Mahamasina).jpg
stade-regional-nyamirambo.jpg;Stade Régional Nyamirambo;Rwanda;22000;CC0;EmmysonB;https://commons.wikimedia.org/wiki/File:Kigali_Pele_Stadium.jpg
setsoto-stadium.jpg;Setsoto Stadium;Lesotho;20000;CC BY-SA 2.0;Robert Staudhammer from Earth;https://commons.wikimedia.org/wiki/File:Setsoto-Stadium_Lesotho.jpg
olympic-stadium-of-nouakchott.jpg;Olympic Stadium of Nouakchott;Mauritania;20000;CC BY-SA 3.0;kyselak;https://commons.wikimedia.org/wiki/File:Nouakchott_stadium.jpg
daren-sammy-cricket-ground.jpg;Daren Sammy Cricket Ground;Saint Lucia;20000;CC BY-SA 3.0;Timothy Barton (timtranslates.com);https://commons.wikimedia.org/wiki/File:Beausejour_Stadium_Cricket_St_Lucia.jpg
stade-municipal.jpg;Stade Municipal;Burkina Faso;15000;CC BY-SA 3.0;kyselak;https://commons.wikimedia.org/wiki/File:Soccer_ouagadougou.jpg
dennis-martinez-national-stadium.jpg;Dennis Martínez National Stadium;Nicaragua;15000;CC BY-SA 4.0;hsd291;https://commons.wikimedia.org/wiki/File:Estadio_Nacional_Dennis_Martinez_.jpg
buko-stadion.jpg;BUKO Stadion;Netherlands;5200;CC BY-SA 3.0;Reinjansma;https://commons.wikimedia.org/wiki/File:Tata_Steel_Stadium_Zwarts_%26_Jansma_architects.jpg
ffb-stadium.jpg;FFB Stadium;Belize;5000;CC BY-SA 4.0;GatoCR84;https://commons.wikimedia.org/wiki/File:FFB-Field-Belmopan-Belice-Proyecto-Goal-FIFA-Stadium-Source_02.jpg
samuel-kanyon-doe-sports-complex.jpg;Samuel Kanyon Doe Sports Complex;Liberia;35000;CC BY-SA 4.0;Bangabandhu;https://commons.wikimedia.org/wiki/File:SKD_Stadium,_Monrovia,_Liberia,_2015.jpg
obed-itani-chilume-stadium.jpg;Obed Itani Chilume Stadium;Botswana;26000;CC BY-SA 2.0;Lamu Lameck;https://commons.wikimedia.org/wiki/File:Francistown_Stadium_Botswana.jpg
dura-international-stadium.jpg;Dura International Stadium;Palestine;18000;CC BY-SA 4.0;TrickyH;https://commons.wikimedia.org/wiki/File:Crowd_at_Dora_Stadium.jpg
amaan-stadium.jpg;Amaan Stadium;Tanzania;15000;CC BY-SA 3.0 de;Arne Müseler;https://commons.wikimedia.org/wiki/File:Amaan_Stadium_Zanzibar_3.jpg
stade-demba-diop.jpg;Stade Demba Diop;Senegal;15000;CC BY 3.0;KaBa (KaaBaa);https://commons.wikimedia.org/wiki/File:SenegaleseWrestling.JPG
diekman-stadion.jpg;Diekman Stadion;Netherlands;13500;CC0;Hans Peters for Anefo;https://commons.wikimedia.org/wiki/File:Zuidema_(FC_Twente,_nr_11)_in_de_aanval,_Bestanddeelnr_927-9402.jpg
sam-nujoma-stadium.jpg;Sam Nujoma Stadium;Namibia;10300;Public domain;Thomas.macmillan (talk);https://commons.wikimedia.org/wiki/File:SamNujomaStadium.JPG
stade-linite.jpg;Stade Linité;Seychelles;10000;FAL;A.Savin;https://commons.wikimedia.org/wiki/File:Victoria_Linit%C3%A9_Stadium_asv2024-09.jpg
jan-louwers-stadion.jpg;Jan Louwers Stadion;Netherlands;4500;CC BY-SA 3.0;Mark92 at Dutch Wikipedia;https://commons.wikimedia.org/wiki/File:Jan_Louwers_Stadion.JPG
stade-said-mohamed-cheikh.jpg;Stade Said Mohamed Cheikh;Comoros;2000;CC BY-SA 4.0;Markus Staub;https://commons.wikimedia.org/wiki/File:Nationalstadion_Komoren.JPG
stade-tata-raphael.jpg;Stade Tata Raphaël;Democratic Republic of the Congo;50000;CC BY-SA 4.0;Yallahbye;https://commons.wikimedia.org/wiki/File:Stade_Tata_Rapha%C3%ABl_lors_d%27un_de_l%27AS_V.CLUB.jpg
stade-anjalay.jpg;Stade Anjalay;Mauritius;18000;CC BY-SA 3.0 de;Arne Müseler;https://commons.wikimedia.org/wiki/File:Mauritius_anjalay_coopen_stadium.jpg
de-geusselt.jpg;De Geusselt;Netherlands;10000;CC BY-SA 3.0;A.Savin;https://commons.wikimedia.org/wiki/File:Maastricht_Stadion_De_Geusselt.jpg
stade-du-ville.jpg;Stade du Ville;Djibouti;10000;CC BY-SA 4.0;Skilla1st;https://commons.wikimedia.org/wiki/File:El_Hadj_Hassan_Gouled_Aptidon_Stadium.jpg
korman-stadium.jpg;Korman Stadium;Vanuatu;6500;CC BY 2.0;Julie Lyn from Washington, DC, USA;https://commons.wikimedia.org/wiki/File:Korman_Stadium_(Mar._14,_2015).jpg
brandywell-stadium.jpg;Brandywell Stadium;Northern Ireland;6300;CC BY-SA 3.0;The original uploader was Danny Invincible at English Wikipedia.;https://commons.wikimedia.org/wiki/File:Derrycity2.jpg
wagener-stadium.jpg;Wagener Stadium;Netherlands;15000;CC BY-SA 4.0;Ceescamel;https://commons.wikimedia.org/wiki/File:2021_Entree_Wagener_Stadion,_Amstelveen_(1).jpg
sir-hubert-murray-stadium.jpg;Sir Hubert Murray Stadium;Papua New Guinea;15000;CC BY 2.0;lindsaybridge;https://commons.wikimedia.org/wiki/File:Sir_Hubert_Murray_Stadium_(1993,_cropped).jpg
oosterpark-stadion.jpg;Oosterpark Stadion;Netherlands;12500;Public domain;JoeyT at Dutch Wikipedia;https://commons.wikimedia.org/wiki/File:Fc_Stadion1.jpg
de-vliert.jpg;De Vliert;Netherlands;9000;CC BY-SA 3.0;User:LeeGer;https://commons.wikimedia.org/wiki/File:De_Vliert_stadium.jpg
heesen-yachts-stadion.jpg;Heesen Yachts Stadion;Netherlands;4560;CC BY-SA 4.0;RagingR2;https://commons.wikimedia.org/wiki/File:Top_Oss_Frans_Heesen_Stadion_Oss_2.jpg
meneng-stadium.jpg;Meneng Stadium;Naoero;3500;CC BY 2.0;DIAC images;https://commons.wikimedia.org/wiki/File:Dining_Hall_-_Topside_immigration_processing_compound,_Nauru.jpg
old-stadion.jpg;Old Stadion;Netherlands;30000;Public domain;Anonymous (photographer);https://commons.wikimedia.org/wiki/File:1914_Stadium_Amsterdam.jpg
gemeentelijk-sportpark-kaalheide.jpg;Gemeentelijk Sportpark Kaalheide;Netherlands;21500;CC BY-SA 2.0 de;The original uploader was M.Birklein at German Wikipedia.;https://commons.wikimedia.org/wiki/File:Kerkrade_-_Kaalheide.jpg
alkmaarderhout.jpg;Alkmaarderhout;Netherlands;8914;CC BY 3.0;Валерий Дед;https://commons.wikimedia.org/wiki/File:Alkmaar_Alkmaarderhout_1.jpg
nrca-stadium.jpg;NRCA Stadium;Netherlands;5000;CC BY-SA 4.0;Joris;https://commons.wikimedia.org/wiki/File:Nationaal_Rugby_Centrum_Amsterdam_-_Nederland_-_Georgie_8-40_D.jpg
stadion-de-braak.jpg;Stadion De Braak;Netherlands;4100;CC BY-SA 4.0;WoodenSpoon;https://commons.wikimedia.org/wiki/File:Helmond_stadion_De_Braak_oostzijde.jpg
het-houten-stadion.jpg;Het Houten Stadion;Netherlands;15000;Public domain;Unknown authorUnknown author;https://commons.wikimedia.org/wiki/File:Ouwe_Houten_Stadion_(Ajax)_in_1917-1918.jpg
de-langeleegte.jpg;De Langeleegte;Netherlands;6500;CC BY-SA 3.0;Frank Loer;https://commons.wikimedia.org/wiki/File:Stadion_Langeleegt_BV_Veendam.JPG
m-scores-stadion.jpg;M-Scores Stadion;Netherlands;4235;CC0;Olos88;https://commons.wikimedia.org/wiki/File:De_Krommedijk_4.jpg
fanny-blankers-koen-stadion.jpg;Fanny Blankers-Koen Stadion;Netherlands;15200;CC BY-SA 3.0;Fakwes;https://commons.wikimedia.org/wiki/File:FBK-Stadion.JPG
zuiderpark-stadion.jpg;Zuiderpark Stadion;Netherlands;11000;Public domain;No machine-readable author provided. Joris assumed (based on copyright claims).;https://commons.wikimedia.org/wiki/File:Zuiderpark.JPG
oosterenkstadion.jpg;Oosterenkstadion;Netherlands;10500;CC BY-SA 2.5 nl;Onderwijsgek;https://commons.wikimedia.org/wiki/File:Zwolle_Oosterenk_Stadion_FC_Zwolle.jpg
atik-stadion.jpg;Atik Stadion;Netherlands;4995;CC BY-SA 4.0;Joris;https://commons.wikimedia.org/wiki/File:Stadion_De_Luiten_-_ATIK_Stadion_RBC_Roosendaal.jpg
haarlem-stadion.jpg;Haarlem Stadion;Netherlands;3442;CC BY-SA 3.0;MUTJE at Dutch Wikipedia;https://commons.wikimedia.org/wiki/File:Stadion_noordtribune_2005.jpg
kooi-stadion.jpg;Kooi Stadion;Netherlands;15000;CC BY 4.0;Condor3d;https://commons.wikimedia.org/wiki/File:Kooi_Stadion_west_-_Leeuwarden_2025.jpg
sportpaleis-alkmaar.jpg;Sportpaleis Alkmaar;Netherlands;4750;CC BY-SA 3.0;Nicola;https://commons.wikimedia.org/wiki/File:Sportpaleis_Alkmaar_Dernys.jpg
nac-stadion.jpg;NAC Stadion;Netherlands;18000;CC BY-SA 3.0;Martijnmureau;https://commons.wikimedia.org/wiki/File:NAC_stadium_Beatrixstraat.jpg
kromme-zandweg.jpg;Kromme Zandweg;Netherlands;12000;Public domain;Unknown authorUnknown author;https://commons.wikimedia.org/wiki/File:De_Kromme_Zandweg_Stadion_(Oud_Feyenoord_stadion).jpg
sportpark-de-westmaat.jpg;Sportpark De Westmaat;Netherlands;8000;CC BY-SA 4.0;KSKB1935;https://commons.wikimedia.org/wiki/File:Sportpark_De_Westmaat_(Blauwe_kant).jpg
stadion-de-boschpoort.jpg;Stadion De Boschpoort;Netherlands;;CC0;Nationaal Archief;https://commons.wikimedia.org/wiki/File:MVV_tegen_Limburgia,_spelmoment,_Bestanddeelnr_903-8647.jpg
klarenbeek.jpg;Klarenbeek;Netherlands;10000;CC BY-SA 4.0;Jong, Nanette de (Fotograaf);https://commons.wikimedia.org/wiki/File:Klarenbeek_uitzicht_vanaf_de_Stenen_Tafel.jpg